Index,City,Country,Date,Lat,Lng,Max Temp (F),Humidity (%),Cloudiness (%),Wind Speed (mph)
0,Talnakh,RU,2020-12-15 18:05:15,69.49,88.4,-11.2,76,75,13.42
1,Qaanaaq,GL,2020-12-15 18:05:15,77.48,-69.36,-1.7,64,0,8.52
2,Klyuchi,RU,2020-12-15 18:05:15,52.27,79.17,4.53,94,95,8.08
3,Chui,UY,2020-12-15 18:05:15,-33.7,-53.46,78.03,42,0,13.04
4,Kerema,PG,2020-12-15 18:05:15,-7.96,145.78,77.56,82,100,3.8
5,Atuona,PF,2020-12-15 18:05:16,-9.8,-139.03,78.84,77,9,22.01
6,Severo-Kuril'sk,RU,2020-12-15 18:05:16,50.68,156.12,29.95,95,94,10.16
7,Rikitea,PF,2020-12-15 18:05:16,-23.12,-134.97,76.62,72,7,7.09
8,Kapaa,US,2020-12-15 18:05:17,22.08,-159.32,77.0,78,20,11.41
9,Hermanus,ZA,2020-12-15 18:05:17,-34.42,19.23,64.0,70,6,1.01
10,Avarua,CK,2020-12-15 18:05:17,-21.21,-159.78,80.6,83,92,11.41
11,Jamestown,US,2020-12-15 18:04:16,42.1,-79.24,28.0,63,90,8.05
12,Constitución,CL,2020-12-15 18:05:17,-35.33,-72.42,67.93,36,0,18.9
13,Hithadhoo,MV,2020-12-15 18:00:29,-0.6,73.08,81.81,70,1,9.42
14,Lorengau,PG,2020-12-15 18:05:17,-2.02,147.27,82.26,75,97,3.38
15,Misratah,LY,2020-12-15 18:05:18,32.38,15.09,61.5,64,0,2.33
16,East London,ZA,2020-12-15 18:04:17,-33.02,27.91,68.0,82,40,8.05
17,Saint George,US,2020-12-15 18:02:19,37.1,-113.58,42.01,47,1,1.32
18,Saint Paul Harbor,US,2020-12-15 18:01:11,57.79,-152.41,35.6,74,90,8.05
19,Teloloapan,MX,2020-12-15 18:05:18,18.35,-99.85,75.58,46,45,3.96
20,Albany,US,2020-12-15 18:03:16,42.6,-73.97,33.01,36,9,1.99
21,Conceição da Barra,BR,2020-12-15 18:00:38,-18.59,-39.73,83.21,61,66,9.46
22,Butaritari,KI,2020-12-15 18:05:19,3.07,172.79,81.41,81,99,16.35
23,São Miguel do Araguaia,BR,2020-12-15 18:00:28,-13.28,-50.16,93.27,37,12,4.23
24,Barrow,US,2020-12-15 18:05:19,71.29,-156.79,-5.8,76,1,18.34
25,Antalaha,MG,2020-12-15 18:05:19,-14.9,50.28,76.15,81,2,9.48
26,Aklavik,CA,2020-12-15 18:05:19,68.22,-135.01,-20.2,75,75,2.24
27,Bluff,NZ,2020-12-15 18:05:19,-46.6,168.33,59.0,66,63,8.01
28,Berlin,DE,2020-12-15 18:02:32,52.52,13.41,44.01,81,40,6.93
29,Havre-St-Pierre,CA,2020-12-15 18:05:20,50.23,-63.6,19.4,67,90,14.99
30,Berlevåg,NO,2020-12-15 18:05:20,70.86,29.09,35.6,80,75,10.29
31,Faya,SA,2020-12-15 18:05:21,18.39,42.45,59.0,87,0,3.36
32,Boca do Acre,BR,2020-12-15 18:05:21,-8.75,-67.4,85.46,66,95,2.44
33,Cape Town,ZA,2020-12-15 18:00:48,-33.93,18.42,66.99,59,0,25.28
34,Tasiilaq,GL,2020-12-15 18:05:21,65.61,-37.64,30.2,58,75,8.05
35,Ushuaia,AR,2020-12-15 18:01:01,-54.8,-68.3,44.6,81,75,32.21
36,Mayo,US,2020-12-15 18:05:21,38.89,-76.51,42.01,48,1,6.93
37,Hilo,US,2020-12-15 18:05:21,19.73,-155.09,73.4,78,1,5.82
38,Saint-Philippe,RE,2020-12-15 18:05:21,-21.36,55.77,75.2,94,84,2.24
39,Ancud,CL,2020-12-15 18:05:22,-41.87,-73.82,55.4,54,75,8.05
40,Port Elizabeth,ZA,2020-12-15 18:02:50,-33.92,25.57,68.0,77,0,24.16
41,Dunedin,NZ,2020-12-15 18:02:54,-45.87,170.5,59.0,67,47,2.84
42,Sitka,US,2020-12-15 18:05:22,57.05,-135.33,44.6,56,90,17.22
43,Araouane,ML,2020-12-15 18:05:23,18.9,-3.53,76.77,19,2,6.8
44,Pāsighāt,IN,2020-12-15 18:05:23,28.07,95.33,59.65,56,0,3.06
45,Gilbués,BR,2020-12-15 18:00:40,-9.83,-45.34,97.29,24,13,2.71
46,Mataura,NZ,2020-12-15 18:05:23,-46.19,168.86,59.0,66,51,8.01
47,Punta Arenas,CL,2020-12-15 18:05:23,-53.15,-70.92,53.01,57,20,50.55
48,Castro,BR,2020-12-15 18:05:23,-24.79,-50.01,74.43,80,63,9.48
49,Ipixuna,BR,2020-12-15 18:03:48,-1.76,-48.8,80.6,83,75,8.05
50,Ahipara,NZ,2020-12-15 18:05:24,-35.17,173.17,57.78,84,0,5.97
51,Pucallpa,PE,2020-12-15 18:05:25,-8.38,-74.55,87.8,58,75,8.05
52,Hambantota,LK,2020-12-15 18:05:25,6.12,81.12,77.13,84,90,5.01
53,Praia da Vitória,PT,2020-12-15 18:05:25,38.73,-27.07,60.8,82,40,22.88
54,Shakhtinsk,KZ,2020-12-15 18:05:25,49.71,72.59,-18.4,75,75,2.24
55,Hobart,AU,2020-12-15 18:05:25,-42.88,147.33,55.4,54,90,14.99
56,Nikolskoye,RU,2020-12-15 18:05:25,59.7,30.79,30.2,92,90,4.47
57,Flinders,AU,2020-12-15 18:05:25,-34.58,150.86,72.0,96,100,1.01
58,Puerto Ayora,EC,2020-12-15 18:03:32,-0.74,-90.35,78.8,65,75,19.46
59,Esperance,AU,2020-12-15 18:05:26,-33.87,121.9,51.8,81,22,5.82
60,Grindavik,IS,2020-12-15 18:05:26,63.84,-22.43,41.0,66,0,24.16
61,Mahébourg,MU,2020-12-15 18:05:27,-20.41,57.7,77.0,94,75,14.99
62,Clarence Town,AU,2020-12-15 18:05:27,-32.58,151.78,72.0,100,90,6.93
63,Abu Samrah,SY,2020-12-15 18:05:27,35.3,37.18,55.67,70,91,14.34
64,Sibolga,ID,2020-12-15 18:01:31,1.74,98.78,77.38,75,99,3.49
65,Kiryat Gat,IL,2020-12-15 18:05:27,31.61,34.76,63.0,51,86,1.99
66,Hastings,GB,2020-12-15 18:01:40,50.86,0.57,51.01,76,4,5.01
67,Hong Kong,HK,2020-12-15 18:04:13,22.29,114.16,59.0,74,86,1.01
68,Mweka,CD,2020-12-15 18:05:28,-4.85,21.57,74.21,78,54,1.57
69,Upernavik,GL,2020-12-15 18:05:28,72.79,-56.15,7.93,84,0,6.15
70,Revda,RU,2020-12-15 18:05:28,56.8,59.93,19.4,57,0,6.71
71,Saint-Jean-de-Braye,FR,2020-12-15 18:05:28,47.91,1.98,46.99,93,0,6.93
72,Dikson,RU,2020-12-15 18:05:28,73.51,80.55,-21.1,86,0,5.01
73,Ati,TD,2020-12-15 18:05:29,13.22,18.34,83.37,14,69,9.26
74,Fortuna,US,2020-12-15 18:05:29,40.6,-124.16,46.99,91,99,8.41
75,Busselton,AU,2020-12-15 18:05:29,-33.65,115.33,55.0,75,0,1.01
76,Bambous Virieux,MU,2020-12-15 18:05:29,-20.34,57.76,77.0,94,75,14.99
77,Vändra,EE,2020-12-15 18:05:29,58.65,25.04,34.0,100,100,1.99
78,Abu Dhabi,AE,2020-12-15 18:05:29,24.47,54.37,73.4,64,0,6.93
79,Ereymentau,KZ,2020-12-15 18:05:29,51.62,73.1,1.51,93,60,11.25
80,Saint-Joseph,RE,2020-12-15 18:05:29,-21.37,55.62,75.2,94,77,2.24
81,Vila Velha,BR,2020-12-15 18:05:30,-20.33,-40.29,86.0,62,20,18.34
82,Umluj,SA,2020-12-15 18:05:30,25.02,37.27,71.6,50,7,9.15
83,Kabinda,CD,2020-12-15 18:05:30,-6.13,24.48,69.48,93,62,1.99
84,Bubaque,GW,2020-12-15 18:05:30,11.28,-15.83,80.69,53,23,9.95
85,Saskylakh,RU,2020-12-15 18:05:30,71.92,114.08,-29.43,83,61,5.55
86,Sinnamary,GF,2020-12-15 18:05:30,5.38,-52.95,82.98,75,98,7.74
87,Faanui,PF,2020-12-15 18:05:30,-16.48,-151.75,79.41,80,20,16.42
88,Leningradskiy,RU,2020-12-15 18:05:30,69.38,178.42,18.14,90,100,21.05
89,Imeni Poliny Osipenko,RU,2020-12-15 18:05:31,52.42,136.49,-7.13,87,100,2.17
90,Kavieng,PG,2020-12-15 18:05:31,-2.57,150.8,82.92,74,99,6.33
91,George Town,MY,2020-12-15 18:02:32,5.41,100.34,77.0,94,20,2.24
92,Vaini,TO,2020-12-15 18:05:31,-21.2,-175.2,75.2,94,75,17.22
93,Nanortalik,GL,2020-12-15 18:05:31,60.14,-45.24,26.96,88,5,3.29
94,San Vicente,AR,2020-12-15 18:05:31,-26.62,-54.13,93.15,25,7,4.76
95,Yellowknife,CA,2020-12-15 18:01:27,62.46,-114.35,-29.0,73,40,2.24
96,Port Alfred,ZA,2020-12-15 18:05:32,-33.59,26.89,66.99,90,45,1.99
97,Vostok,RU,2020-12-15 18:05:53,46.49,135.88,-14.39,89,100,5.28
98,Carnarvon,AU,2020-12-15 18:05:53,-24.87,113.63,73.4,78,0,21.92
99,Pabradė,LT,2020-12-15 18:05:53,55.0,25.78,30.0,100,90,12.75
100,Tuktoyaktuk,CA,2020-12-15 18:05:54,69.45,-133.04,-11.2,76,75,12.75
101,Tyler,US,2020-12-15 18:03:22,32.35,-95.3,41.0,86,90,12.75
102,Mubi,NG,2020-12-15 18:05:54,10.27,13.26,78.57,18,100,6.13
103,Ribeira Grande,PT,2020-12-15 18:05:55,38.52,-28.7,62.6,72,40,18.34
104,Itarema,BR,2020-12-15 18:05:55,-2.92,-39.92,85.75,62,95,16.87
105,Tuatapere,NZ,2020-12-15 18:05:55,-46.13,167.68,59.0,66,80,8.01
106,Dingle,PH,2020-12-15 18:05:55,11.0,122.67,75.33,92,19,8.03
107,Cayenne,GF,2020-12-15 18:05:55,4.93,-52.33,86.0,74,40,11.41
108,Brus,RS,2020-12-15 18:05:55,43.38,21.03,41.0,93,90,3.36
109,Kumul,CN,2020-12-15 18:05:55,42.8,93.45,13.98,74,0,1.95
110,Elliot,ZA,2020-12-15 18:05:55,-31.33,27.85,57.33,95,86,5.75
111,Touros,BR,2020-12-15 18:05:56,-5.2,-35.46,87.8,55,20,17.22
112,San Jerónimo,PE,2020-12-15 18:05:56,-11.95,-75.28,64.0,42,96,5.95
113,Atmakūr,IN,2020-12-15 18:05:56,15.88,78.58,67.78,89,5,4.12
114,Badou,TG,2020-12-15 18:05:56,7.58,0.6,80.24,66,56,2.66
115,High Level,CA,2020-12-15 18:05:56,58.52,-117.14,-5.8,83,90,3.36
116,Ternate,ID,2020-12-15 18:05:56,0.8,127.4,80.55,79,100,12.24
117,Mar del Plata,AR,2020-12-15 18:05:56,-38.0,-57.56,64.4,31,20,16.11
118,Thompson,CA,2020-12-15 18:03:16,55.74,-97.86,-27.4,74,20,5.82
119,New Norfolk,AU,2020-12-15 18:05:57,-42.78,147.06,55.0,67,100,1.99
120,La Roche-sur-Yon,FR,2020-12-15 18:04:22,46.67,-1.43,46.4,93,20,4.7
121,Bull Savanna,JM,2020-12-15 18:05:57,17.89,-77.59,79.68,66,0,6.4
122,Ponta do Sol,PT,2020-12-15 18:05:57,32.67,-17.1,64.4,59,75,2.24
123,Turtas,RU,2020-12-15 18:05:57,58.94,69.13,14.13,97,98,5.08
124,Nantucket,US,2020-12-15 18:01:04,41.28,-70.1,37.4,34,1,12.75
125,Ostrovnoy,RU,2020-12-15 18:05:57,68.05,39.51,20.21,95,100,16.87
126,Kaitangata,NZ,2020-12-15 18:05:57,-46.28,169.85,55.99,90,64,5.01
127,Karratha,AU,2020-12-15 18:05:57,-20.74,116.85,79.86,75,23,8.34
128,Tabou,CI,2020-12-15 18:05:58,4.42,-7.35,80.8,79,60,7.0
129,Fairbanks,US,2020-12-15 18:04:59,64.84,-147.72,12.2,72,90,1.12
130,Los Llanos de Aridane,ES,2020-12-15 18:05:58,28.66,-17.92,68.0,56,40,13.87
131,Verkhoyansk,RU,2020-12-15 18:05:58,67.54,133.38,-41.4,67,16,0.78
132,Salinópolis,BR,2020-12-15 18:05:58,-0.61,-47.36,84.06,72,66,9.8
133,Muscatine,US,2020-12-15 18:05:58,41.47,-91.13,27.0,53,1,9.17
134,Ulaangom,MN,2020-12-15 18:05:58,49.98,92.07,-11.02,87,97,1.88
135,Clyde River,CA,2020-12-15 18:05:59,70.47,-68.59,-5.8,76,75,16.11
136,Airai,TL,2020-12-15 18:05:59,-8.93,125.41,61.38,100,100,1.9
137,Hamilton,US,2020-12-15 18:05:59,39.18,-84.53,36.0,51,1,8.05
138,Hirara,JP,2020-12-15 18:05:59,24.8,125.28,66.72,83,100,26.44
139,Ardahan,TR,2020-12-15 18:04:32,41.11,42.7,28.83,93,100,3.02
140,Chokurdakh,RU,2020-12-15 18:05:59,70.63,147.92,-31.16,86,86,2.06
141,Broome,US,2020-12-15 18:06:00,42.25,-75.83,28.99,68,90,10.29
142,Dinguiraye,GN,2020-12-15 18:06:00,11.3,-10.72,86.86,24,58,1.28
143,Kendari,ID,2020-12-15 18:06:00,-3.94,122.5,76.53,86,98,4.38
144,Bredasdorp,ZA,2020-12-15 18:04:35,-34.53,20.04,66.2,55,31,6.93
145,Manokwari,ID,2020-12-15 18:06:00,-0.87,134.08,80.89,77,100,5.44
146,Miraflores,MX,2020-12-15 18:06:00,19.22,-98.81,72.0,28,5,3.24
147,Grand-Santi,GF,2020-12-15 18:06:01,4.25,-54.38,83.3,86,94,3.42
148,Ketchikan,US,2020-12-15 18:06:01,55.34,-131.65,42.8,75,90,17.22
149,Muisne,EC,2020-12-15 18:06:01,0.6,-80.03,82.4,74,75,10.29
150,Cherskiy,RU,2020-12-15 18:06:02,68.75,161.3,-22.9,87,76,2.35
151,Kaeo,NZ,2020-12-15 18:06:02,-35.1,173.78,52.0,93,0,3.0
152,Lata,PT,2020-12-15 18:06:02,40.16,-8.33,57.2,76,40,8.05
153,Banyo,CM,2020-12-15 18:06:02,6.75,11.82,76.35,24,2,5.99
154,Nioro,GM,2020-12-15 18:06:03,13.35,-15.75,91.27,14,0,1.61
155,Borba,BR,2020-12-15 18:06:03,-4.39,-59.59,80.65,88,100,3.27
156,Walvis Bay,NA,2020-12-15 18:01:43,-22.96,14.51,64.0,84,6,16.26
157,Zapolyarnyy,RU,2020-12-15 18:06:03,69.42,30.81,28.4,86,75,25.28
158,Souillac,MU,2020-12-15 18:06:03,-20.52,57.52,77.0,94,75,14.99
159,Qui Nhon,VN,2020-12-15 18:06:04,13.77,109.23,75.45,89,90,17.11
160,Arraial do Cabo,BR,2020-12-15 18:01:13,-22.97,-42.03,86.0,62,0,12.75
161,Noumea,NC,2020-12-15 18:02:35,-22.28,166.46,71.6,78,75,4.7
162,Khovd,MN,2020-12-15 18:06:04,48.01,91.64,-1.98,86,1,0.92
163,Chumikan,RU,2020-12-15 18:06:04,54.72,135.31,-11.04,78,99,27.4
164,Coquimbo,CL,2020-12-15 18:05:14,-29.95,-71.34,60.8,77,75,11.41
165,Harbour Breton,CA,2020-12-15 18:06:04,47.48,-55.8,34.16,91,100,35.99
166,Pingliang,CN,2020-12-15 18:06:04,35.54,106.69,24.03,79,97,1.03
167,Pangnirtung,CA,2020-12-15 18:06:04,66.15,-65.71,8.6,71,90,5.82
168,Pisco,PE,2020-12-15 18:06:05,-13.7,-76.22,71.6,78,90,6.93
169,Villa María,AR,2020-12-15 18:03:50,-32.41,-63.24,90.07,14,0,12.06
170,Usinsk,RU,2020-12-15 18:06:05,65.99,57.53,11.91,96,95,12.71
171,Bengkulu,ID,2020-12-15 18:06:05,-3.8,102.27,77.09,86,100,6.78
172,Punta,PH,2020-12-15 18:06:05,8.99,125.34,74.61,85,98,4.12
173,Ekhabi,RU,2020-12-15 18:06:05,53.51,142.97,15.08,94,100,26.28
174,Vardø,NO,2020-12-15 18:06:06,70.37,31.11,32.0,96,75,14.99
175,Labuhan,ID,2020-12-15 18:06:06,-6.88,112.21,76.41,89,100,5.66
176,Morris,US,2020-12-15 18:06:06,40.83,-74.53,39.0,55,58,5.01
177,Lixouri,GR,2020-12-15 18:06:06,38.2,20.43,53.6,87,0,1.21
178,Alofi,NU,2020-12-15 18:06:06,-19.06,-169.92,77.0,94,90,27.51
179,Vanavara,RU,2020-12-15 18:06:07,60.34,102.28,3.63,94,100,6.69
180,Buraidah,SA,2020-12-15 18:06:07,26.33,43.98,68.0,60,20,9.17
181,Domat,CH,2020-12-15 18:06:07,46.83,9.45,41.0,65,88,5.86
182,Mozarlândia,BR,2020-12-15 18:06:07,-14.74,-50.57,88.18,49,65,4.12
183,Rochegda,RU,2020-12-15 18:06:07,62.8,43.25,16.02,98,100,2.06
184,Yangi Marg`ilon,UZ,2020-12-15 18:06:07,40.43,71.72,33.8,74,90,2.24
185,Ansbach,DE,2020-12-15 18:02:08,49.3,10.58,44.6,100,75,4.7
186,Yarmouth,US,2020-12-15 18:06:08,41.71,-70.23,39.0,32,1,11.41
187,Phan Thiet,VN,2020-12-15 18:06:08,10.93,108.1,74.52,84,64,6.69
188,Pechenizhyn,UA,2020-12-15 18:06:08,48.52,24.89,32.0,90,90,6.71
189,Gushikawa,JP,2020-12-15 18:06:08,26.35,127.87,60.8,82,90,8.05
190,Bagotville,AU,2020-12-15 18:06:08,-28.98,153.42,75.2,94,75,6.93
191,Rossland,CA,2020-12-15 18:06:08,49.08,-117.8,33.01,97,100,1.01
192,San Quintín,MX,2020-12-15 18:06:08,30.48,-115.95,61.95,47,0,2.17
193,Vrangel',RU,2020-12-15 18:06:09,42.73,133.08,5.54,84,0,20.13
194,Fukuechō,JP,2020-12-15 18:01:27,32.69,128.84,43.45,69,100,22.48
195,Daru,PG,2020-12-15 18:06:09,-9.08,143.21,79.66,85,80,7.7
196,Rawlins,US,2020-12-15 18:06:09,41.79,-107.24,19.4,73,90,14.99
197,Torbay,CA,2020-12-15 18:06:09,47.67,-52.73,37.0,100,90,19.46
198,Verkhnevilyuysk,RU,2020-12-15 18:06:09,63.45,120.32,-23.58,86,56,4.07
199,Xichang,CN,2020-12-15 18:06:09,27.9,102.26,51.01,43,8,2.26
200,Klaksvík,FO,2020-12-15 18:06:11,62.23,-6.59,44.6,100,30,11.41
201,Gwadar,PK,2020-12-15 18:06:11,25.12,62.33,65.39,28,0,18.25
202,Vao,NC,2020-12-15 18:06:11,-22.67,167.48,75.78,77,37,22.95
203,Rønne,DK,2020-12-15 18:06:11,55.1,14.71,42.8,87,100,16.11
204,Scottsbluff,US,2020-12-15 18:06:11,41.87,-103.67,28.4,68,75,16.11
205,Raditsa-Krylovka,RU,2020-12-15 18:06:11,53.32,34.36,21.2,98,11,4.34
206,Tabuleiro do Norte,BR,2020-12-15 18:06:11,-5.25,-38.13,98.15,28,95,3.58
207,Uvalde,US,2020-12-15 18:06:12,29.37,-99.77,53.01,71,1,7.56
208,San Miguel de Cozumel,MX,2020-12-15 18:06:12,20.51,-86.95,82.4,69,75,6.93
209,Shitanjing,CN,2020-12-15 18:06:12,39.23,106.34,11.98,69,0,2.91
210,Nyurba,RU,2020-12-15 18:06:12,63.28,118.33,-21.82,87,40,4.23
211,Mahuva,IN,2020-12-15 18:06:12,21.09,71.76,71.04,50,0,13.53
212,Cidreira,BR,2020-12-15 18:06:12,-30.18,-50.21,75.85,77,4,10.49
213,Mimongo,GA,2020-12-15 18:06:13,-1.62,11.61,72.97,91,63,0.72
214,Mahajanga,MG,2020-12-15 18:04:50,-15.72,46.32,80.6,78,20,4.7
215,Polunochnoye,RU,2020-12-15 18:06:13,60.87,60.42,12.33,93,95,3.02
216,Kruisfontein,ZA,2020-12-15 18:06:13,-34.0,24.73,69.01,74,17,5.99
217,Haines Junction,CA,2020-12-15 18:06:13,60.75,-137.51,5.0,84,100,1.03
218,Husavik,IS,2020-12-15 18:06:13,66.04,-17.34,39.2,91,90,18.34
219,São José da Coroa Grande,BR,2020-12-15 18:06:13,-8.9,-35.15,82.38,68,82,12.01
220,Tautira,PF,2020-12-15 18:06:14,-17.73,-149.15,84.2,62,20,3.36
221,Carballo,ES,2020-12-15 18:06:14,43.21,-8.69,52.0,81,40,16.11
222,Nelson Bay,AU,2020-12-15 18:06:14,-32.72,152.15,72.0,100,90,6.93
223,Bethel,US,2020-12-15 18:03:01,41.37,-73.41,36.0,47,1,11.41
224,Charagua,BO,2020-12-15 18:06:14,-19.8,-63.22,87.8,43,69,4.7
225,Saint-Prosper,CA,2020-12-15 18:06:14,46.21,-70.48,8.6,50,100,6.93
226,Tabriz,IR,2020-12-15 18:06:14,38.08,46.29,44.6,61,40,2.24
227,Le Port,RE,2020-12-15 18:06:15,-20.94,55.29,77.0,88,75,20.8
228,Bouca,CF,2020-12-15 18:06:15,6.51,18.27,83.88,23,86,3.91
229,Merauke,ID,2020-12-15 18:06:15,-8.47,140.33,78.55,88,100,8.99
230,Kristiansund,NO,2020-12-15 18:06:15,63.11,7.73,42.8,61,75,12.75
231,Tsimmerbude,RU,2020-12-15 18:06:15,54.67,20.13,33.8,75,90,13.42
232,Orlik,RU,2020-12-15 18:06:15,52.52,99.83,0.23,83,85,6.49
233,Yārāda,IN,2020-12-15 18:06:15,17.65,83.27,77.0,83,13,3.36
234,Siyabuswa,ZA,2020-12-15 18:06:16,-25.11,29.04,70.12,73,100,4.12
235,Nampula,MZ,2020-12-15 18:06:16,-15.12,39.27,75.6,88,97,5.93
236,Kailua,US,2020-12-15 18:05:49,21.4,-157.74,73.4,78,40,14.03
237,Mossamedes,AO,2020-12-15 18:06:16,-15.2,12.15,67.96,81,27,5.99
238,Wenling,CN,2020-12-15 18:06:16,28.37,121.36,41.0,83,100,14.23
239,Redmond,US,2020-12-15 18:05:16,47.67,-122.12,44.01,95,100,7.18
240,Malkerns,SZ,2020-12-15 18:06:16,-26.57,31.18,65.39,89,97,2.73
241,Zhigansk,RU,2020-12-15 18:06:16,66.77,123.37,-39.03,81,99,8.52
242,Tiksi,RU,2020-12-15 18:06:17,71.69,128.87,-24.14,85,0,2.71
243,Provideniya,RU,2020-12-15 18:06:17,64.38,-173.3,13.98,92,99,13.42
244,Lüderitz,NA,2020-12-15 18:06:17,-26.65,15.16,69.62,53,0,28.83
245,Iqaluit,CA,2020-12-15 18:06:17,63.75,-68.51,19.4,67,90,17.22
246,Santiago,CL,2020-12-15 18:06:17,-33.46,-70.65,87.01,28,0,6.93
247,Amahai,ID,2020-12-15 18:06:17,-3.33,128.92,86.0,80,99,3.0
248,Nouadhibou,MR,2020-12-15 18:06:17,20.93,-17.03,73.4,60,0,12.75
249,Manturovo,RU,2020-12-15 18:06:18,58.34,44.76,18.01,97,99,3.74
250,Paphos,CY,2020-12-15 18:06:19,34.77,32.42,60.8,72,75,4.7
251,Linköping,SE,2020-12-15 18:06:19,58.41,15.62,44.6,93,75,5.82
252,Alyangula,AU,2020-12-15 18:06:19,-13.85,136.42,78.8,100,100,3.36
253,Anori,BR,2020-12-15 18:06:19,-3.77,-61.64,72.91,98,100,4.03
254,Kahului,US,2020-12-15 18:06:19,20.89,-156.47,72.0,73,40,3.36
255,Kalabo,ZM,2020-12-15 18:06:19,-14.97,22.68,70.07,86,85,6.49
256,Paungde,MM,2020-12-15 18:06:20,18.48,95.5,69.58,79,1,5.93
257,Belmonte,BR,2020-12-15 18:06:20,-15.86,-38.88,82.4,61,40,11.41
258,Muyezerskiy,RU,2020-12-15 18:06:20,63.93,31.65,20.19,97,96,7.87
259,Meadow Lake,US,2020-12-15 18:06:20,34.8,-106.54,39.99,54,75,14.99
260,Stornoway,GB,2020-12-15 18:06:20,58.21,-6.39,46.99,81,40,14.99
261,Coyhaique,CL,2020-12-15 18:06:20,-45.58,-72.07,51.8,53,90,8.05
262,Ojinaga,MX,2020-12-15 18:06:20,29.57,-104.42,57.2,22,1,13.87
263,The Pas,CA,2020-12-15 18:06:20,53.83,-101.25,-9.4,76,20,9.17
264,Whitehorse,CA,2020-12-15 18:06:21,60.72,-135.05,6.8,84,90,2.24
265,Makkah al Mukarramah,SA,2020-12-15 18:06:21,21.43,39.83,76.42,71,11,5.66
266,Luba,GQ,2020-12-15 18:06:21,3.46,8.55,82.4,94,20,6.93
267,Carnaíba,BR,2020-12-15 18:06:21,-8.7,-37.67,95.58,21,100,9.24
268,Qandala,SO,2020-12-15 18:06:21,11.47,49.87,75.31,72,23,11.65
269,Dzaoudzi,YT,2020-12-15 18:06:21,-12.79,45.27,80.6,78,0,2.24
270,Mount Gambier,AU,2020-12-15 18:06:21,-37.83,140.77,57.2,76,90,12.75
271,Lavrentiya,RU,2020-12-15 18:06:21,65.58,-171.0,15.28,95,100,18.75
272,Hobyo,SO,2020-12-15 18:06:21,5.35,48.53,77.92,74,19,19.91
273,Port-Gentil,GA,2020-12-15 18:06:22,-0.72,8.78,82.4,78,75,13.87
274,Oussouye,SN,2020-12-15 18:06:22,12.48,-16.55,89.6,58,0,6.93
275,Sotik Post,KE,2020-12-15 18:06:22,-0.78,35.34,58.23,91,81,1.74
276,Karasuk,RU,2020-12-15 18:06:22,53.74,78.04,1.22,94,88,6.73
277,Tuy Hoa,VN,2020-12-15 18:06:22,13.08,109.3,75.18,90,88,14.67
278,Diamantino,BR,2020-12-15 18:06:22,-14.41,-56.45,90.07,53,100,2.3
279,Mackenzie,CA,2020-12-15 18:06:22,55.3,-123.17,24.8,100,90,3.36
280,Ambilobe,MG,2020-12-15 18:06:23,-13.2,49.05,76.93,82,45,2.33
281,Mamboma,SL,2020-12-15 18:06:23,8.08,-11.68,78.76,85,64,3.69
282,Pangai,TO,2020-12-15 18:06:23,-19.8,-174.35,77.0,83,90,18.34
283,Narsaq,GL,2020-12-15 18:06:23,60.92,-46.05,37.4,32,20,16.11
284,Emerald,AU,2020-12-15 18:06:23,-23.53,148.17,78.8,78,90,9.17
285,Xingtai,CN,2020-12-15 18:06:23,37.06,114.49,23.61,70,0,2.46
286,Manta,EC,2020-12-15 18:06:23,-0.95,-80.73,77.0,78,75,8.05
287,Byron Bay,AU,2020-12-15 18:06:23,-28.65,153.62,75.2,94,75,6.93
288,Lesnyye Polyany,RU,2020-12-15 18:06:23,55.97,37.87,24.8,85,90,2.24
289,Roald,NO,2020-12-15 18:06:24,62.58,6.13,44.6,87,75,5.82
290,Marrakesh,MA,2020-12-15 18:01:42,31.63,-8.01,68.0,52,0,2.24
291,Chhatarpur,IN,2020-12-15 18:06:24,24.9,79.6,61.75,65,64,2.26
292,Codrington,AU,2020-12-15 18:06:24,-38.27,141.97,54.66,94,100,16.2
293,Khorol,UA,2020-12-15 18:06:24,49.78,33.28,31.35,99,70,9.82
294,Yuzhno-Kurilsk,RU,2020-12-15 18:06:24,44.03,145.86,26.53,88,100,25.72
295,Ponta Delgada,PT,2020-12-15 18:06:24,37.73,-25.67,60.8,82,40,23.04
296,Bairiki Village,KI,2020-12-15 18:06:24,1.33,172.98,80.6,74,20,9.17
297,San Andrés,CO,2020-12-15 18:02:21,12.58,-81.7,81.57,76,31,15.46
298,Cockburn Town,TC,2020-12-15 18:06:25,21.46,-71.14,77.54,74,41,12.75
299,Manama,BH,2020-12-15 18:06:25,26.22,50.58,69.8,68,0,2.24
300,Miquelon,PM,2020-12-15 18:06:26,47.1,-56.38,35.6,100,75,27.51
301,Lebu,CL,2020-12-15 18:06:26,-37.62,-73.65,56.28,62,0,22.93
302,Banda Aceh,ID,2020-12-15 18:06:26,5.56,95.32,78.22,80,94,3.38
303,Ustynivka,UA,2020-12-15 18:06:26,47.96,32.54,32.0,98,90,13.42
304,Den Helder,NL,2020-12-15 18:06:27,52.96,4.76,46.99,93,55,9.17
305,Conceição do Araguaia,BR,2020-12-15 18:06:27,-8.26,-49.26,94.95,42,58,2.77
306,Ilhéus,BR,2020-12-15 18:06:27,-14.79,-39.05,82.36,58,45,8.34
307,Panabá,MX,2020-12-15 18:06:27,21.28,-88.27,81.91,70,39,5.37
308,Effingham County,US,2020-12-15 18:06:27,32.37,-81.33,53.6,66,90,13.87
309,Altenholz,DE,2020-12-15 18:06:27,54.4,10.13,46.4,100,90,5.82
310,Pevek,RU,2020-12-15 18:06:27,69.7,170.31,14.47,93,55,12.93
311,Pierre,US,2020-12-15 18:06:28,44.37,-100.35,26.06,89,92,4.52
312,São Filipe,CV,2020-12-15 18:06:28,14.9,-24.5,74.41,74,13,12.75
313,Tual,ID,2020-12-15 18:06:28,-5.67,132.75,82.38,80,100,19.93
314,Caravelas,BR,2020-12-15 18:06:28,-17.71,-39.25,83.82,55,51,9.64
315,Kinwat,IN,2020-12-15 18:06:28,19.63,78.2,70.93,60,21,5.14
316,Rundu,NA,2020-12-15 18:06:28,-17.93,19.77,81.41,42,71,4.99
317,Santa Cruz de la Sierra,BO,2020-12-15 18:05:27,-17.8,-63.17,77.0,83,75,17.22
318,Kashan,IR,2020-12-15 18:06:28,33.98,51.44,45.12,57,14,2.46
319,Kirakira,SB,2020-12-15 18:06:29,-10.45,161.92,80.13,80,93,5.41
320,Río Gallegos,AR,2020-12-15 18:06:04,-51.62,-69.22,60.8,29,40,44.96
321,Vestmanna,FO,2020-12-15 18:06:29,62.16,-7.17,44.6,100,47,11.41
322,La Ronge,CA,2020-12-15 18:06:29,55.1,-105.28,-4.0,76,90,8.05
323,Kainantu,PG,2020-12-15 18:06:29,-6.29,145.87,60.1,94,100,1.07
324,Surab,PK,2020-12-15 18:06:29,28.49,66.26,34.23,53,0,7.87
325,Wetzlar,DE,2020-12-15 18:06:29,50.55,8.5,44.01,96,99,3.89
326,Porto Velho,BR,2020-12-15 18:06:29,-8.76,-63.9,87.8,58,75,5.82
327,Kédougou,SN,2020-12-15 18:06:30,12.56,-12.17,93.13,17,3,2.39
328,Gua Musang,MY,2020-12-15 18:06:30,4.88,101.96,72.72,93,83,1.21
329,Bhānpurī,IN,2020-12-15 18:06:30,21.1,80.92,70.57,64,52,3.67
330,Half Moon Bay,US,2020-12-15 18:06:30,37.46,-122.43,53.01,87,75,4.76
331,Saquarema,BR,2020-12-15 18:06:30,-22.92,-42.51,86.0,62,0,12.75
332,Provincia di Imperia,IT,2020-12-15 18:06:30,43.97,7.78,53.01,93,75,4.7
333,Paso de los Toros,UY,2020-12-15 18:06:30,-32.82,-56.52,86.0,35,75,11.41
334,Freeport,US,2020-12-15 18:03:35,40.66,-73.58,39.99,44,40,11.41
335,Batagay,RU,2020-12-15 18:06:31,67.63,134.63,-41.28,76,21,1.07
336,Norman Wells,CA,2020-12-15 18:06:31,65.28,-126.83,-34.6,73,75,3.36
337,Lagunas,PE,2020-12-15 18:06:31,-5.23,-75.68,92.71,46,84,3.4
338,São Raimundo Nonato,BR,2020-12-15 18:06:31,-9.02,-42.7,95.94,26,86,5.82
339,Sambava,MG,2020-12-15 18:06:31,-14.27,50.17,78.64,79,6,14.27
340,Sahuaripa,MX,2020-12-15 18:06:31,29.05,-109.23,64.36,28,0,3.67
341,Yulara,AU,2020-12-15 18:06:31,-25.24,130.99,77.0,65,90,14.99
342,Dakar,SN,2020-12-15 18:06:31,14.69,-17.44,77.0,69,0,9.17
343,Lábrea,BR,2020-12-15 18:06:32,-7.26,-64.8,78.91,79,100,2.71
344,Tura,IN,2020-12-15 18:06:32,25.52,90.22,59.41,78,0,3.67
345,Consdorf,LU,2020-12-15 18:06:32,49.77,6.34,46.99,100,75,5.82
346,Chapais,CA,2020-12-15 18:06:32,49.78,-74.85,-9.4,69,75,12.75
347,Kemijärvi,FI,2020-12-15 18:06:32,66.71,27.43,17.69,97,100,3.8
348,Khatanga,RU,2020-12-15 18:06:32,71.97,102.5,-34.4,84,98,1.39
349,Sabzawār,IR,2020-12-15 18:06:33,36.21,57.68,36.64,63,28,2.04
350,Takoradze,GH,2020-12-15 18:06:34,4.88,-1.76,80.15,83,72,7.83
351,Guerrero Negro,MX,2020-12-15 18:06:34,27.98,-114.06,65.08,45,21,3.11
352,Rovaniemi,FI,2020-12-15 18:06:34,66.5,25.72,23.0,92,90,8.05
353,Shizunai-furukawachō,JP,2020-12-15 18:03:52,42.33,142.37,27.12,87,50,17.78
354,Tomatlán,MX,2020-12-15 18:06:34,19.93,-105.25,84.34,48,30,3.49
355,Victor Harbor,AU,2020-12-15 18:06:34,-35.57,138.62,62.01,84,99,1.99
356,Lermontovka,RU,2020-12-15 18:06:34,47.15,134.34,-6.23,85,99,6.31
357,Laas,IT,2020-12-15 18:06:35,46.62,10.7,32.0,61,40,3.36
358,Igrim,RU,2020-12-15 18:06:35,63.19,64.42,6.55,94,99,5.93
359,São Félix do Xingu,BR,2020-12-15 18:06:35,-6.64,-51.99,93.29,40,45,3.85
360,Port Blair,IN,2020-12-15 18:06:35,11.67,92.75,80.85,85,100,8.79
361,Urucará,BR,2020-12-15 18:06:35,-2.54,-57.76,95.04,40,88,3.98
362,Yatou,CN,2020-12-15 18:06:35,37.15,122.38,23.88,96,89,8.86
363,Sagua la Grande,CU,2020-12-15 18:06:35,22.81,-80.08,82.4,65,40,8.05
364,Arrondissement de Villefranche-de-Rouergue,FR,2020-12-15 18:06:35,44.33,2.0,53.01,87,99,4.7
365,Kuytun,RU,2020-12-15 18:06:35,54.34,101.5,14.34,93,100,5.23
366,Antsohihy,MG,2020-12-15 18:06:36,-14.88,47.99,79.38,76,92,1.23
367,Geraldton,AU,2020-12-15 18:06:36,-28.77,114.6,68.0,77,0,16.11
368,Nhulunbuy,AU,2020-12-15 18:06:36,-12.23,136.77,77.0,94,99,3.36
369,Salalah,OM,2020-12-15 18:06:36,17.02,54.09,75.2,53,0,3.36
370,Baharly,TM,2020-12-15 18:06:36,38.44,57.43,34.7,76,85,12.71
371,Ngunguru,NZ,2020-12-15 18:06:36,-35.62,174.5,52.0,93,23,3.0
372,Taltal,CL,2020-12-15 18:06:36,-25.4,-70.48,68.56,59,15,5.66
373,Kumphawapi,TH,2020-12-15 18:06:36,17.11,103.01,75.0,78,17,6.26
374,Katsuura,JP,2020-12-15 18:06:37,35.13,140.3,39.2,44,20,3.36
375,Sítio Novo do Tocantins,BR,2020-12-15 18:04:17,-5.52,-47.46,87.8,66,40,4.7
376,Al Bardīyah,LY,2020-12-15 18:06:37,31.76,25.09,61.43,78,11,16.28
377,Kavaratti,IN,2020-12-15 18:06:37,10.57,72.64,81.88,66,12,5.7
378,Mingora,PK,2020-12-15 18:06:37,34.78,72.36,39.6,65,12,4.47
379,Asău,RO,2020-12-15 18:06:37,46.43,26.4,33.01,91,12,1.34
380,Kalianget,ID,2020-12-15 18:06:38,-7.05,113.93,78.6,85,100,8.9
381,Marzuq,YE,2020-12-15 18:06:38,14.4,46.47,53.6,40,2,1.12
382,Elliot Lake,CA,2020-12-15 18:06:38,46.38,-82.63,12.2,61,1,5.82
383,Yenagoa,NG,2020-12-15 18:06:38,4.92,6.26,78.69,88,100,4.32
384,Hualmay,PE,2020-12-15 18:06:38,-11.1,-77.61,73.31,67,43,10.4
385,Halifax,CA,2020-12-15 18:03:05,44.65,-63.57,30.99,63,75,25.28
386,Ribeira Brava,PT,2020-12-15 18:06:38,32.65,-17.07,64.4,59,75,2.24
387,Marsh Harbour,BS,2020-12-15 18:06:38,26.54,-77.06,77.97,71,84,8.39
388,Carauari,BR,2020-12-15 18:06:39,-4.88,-66.9,86.52,66,93,2.51
389,Meulaboh,ID,2020-12-15 18:06:39,4.14,96.13,77.25,85,100,3.62
390,São João da Barra,BR,2020-12-15 18:06:39,-21.64,-41.05,87.8,52,0,13.87
391,Pandan,PH,2020-12-15 18:06:39,14.05,124.17,80.6,77,19,14.05
392,San Cristobal,VE,2020-12-15 18:06:39,7.77,-72.22,82.4,74,40,8.05
393,Beringovskiy,RU,2020-12-15 18:06:39,63.05,179.32,12.67,95,100,10.87
394,Kilindoni,TZ,2020-12-15 18:06:39,-7.91,39.67,81.7,78,5,14.38
395,Korla,CN,2020-12-15 18:06:39,41.76,86.15,19.47,87,35,1.59
396,Beloha,MG,2020-12-15 18:06:40,-25.17,45.05,76.53,63,75,8.25
397,Manyana,BW,2020-12-15 18:06:40,-23.4,21.72,88.0,21,26,9.78
398,Port Hardy,CA,2020-12-15 18:06:40,50.7,-127.42,44.6,93,90,12.75
399,Haifa,IL,2020-12-15 18:05:08,32.82,34.99,62.6,82,75,16.11
400,Pemangkat,ID,2020-12-15 18:06:41,1.17,108.97,77.81,84,100,2.8
401,Alexandria,EG,2020-12-15 18:02:32,31.22,29.96,64.4,77,75,9.17
402,Vicuña,CL,2020-12-15 18:06:41,-30.03,-70.71,60.8,77,75,11.41
403,Omboué,GA,2020-12-15 18:06:41,-1.57,9.26,78.44,86,66,8.03
404,Astoria,US,2020-12-15 18:06:41,46.19,-123.83,48.99,100,90,11.41
405,Broken Hill,AU,2020-12-15 18:06:42,-31.95,141.43,78.8,39,2,17.22
406,La Tuque,CA,2020-12-15 18:06:42,47.43,-72.78,1.4,64,100,11.41
407,Luchegorsk,RU,2020-12-15 18:06:42,46.48,134.26,-4.14,87,100,9.08
408,Harlow,GB,2020-12-15 18:06:42,51.78,0.11,46.99,87,20,10.29
409,Bose,IT,2020-12-15 18:06:42,45.46,8.01,46.99,80,92,1.74
410,Prince Rupert,CA,2020-12-15 18:06:42,54.32,-130.32,44.6,70,90,13.87
411,Agalatovo,RU,2020-12-15 18:06:42,60.22,30.27,30.99,82,100,4.9
412,Palmer,US,2020-12-15 18:06:42,42.16,-72.33,35.01,24,20,20.8
413,Bandarbeyla,SO,2020-12-15 18:06:43,9.49,50.81,74.91,76,0,23.04
414,Erzin,TR,2020-12-15 18:06:43,36.96,36.2,57.99,75,100,4.0
415,Sackville,CA,2020-12-15 18:06:43,45.92,-64.38,28.4,79,75,17.22
416,Alugan,PH,2020-12-15 18:06:43,12.22,125.48,80.02,84,100,11.21
417,Tacuarembó,UY,2020-12-15 18:06:43,-31.73,-55.98,84.61,32,0,2.8
418,Cap Malheureux,MU,2020-12-15 18:06:43,-19.98,57.61,77.0,91,3,11.99
419,Māngrol,IN,2020-12-15 18:06:44,21.12,70.12,68.65,52,0,16.11
420,Kampene,CD,2020-12-15 18:06:44,-3.6,26.67,72.55,85,98,2.08
421,Puerto Cabezas,NI,2020-12-15 18:06:44,14.04,-83.39,84.2,79,75,9.17
422,Harper,LR,2020-12-15 18:06:44,4.38,-7.72,80.78,80,56,7.27
423,North Platte,US,2020-12-15 18:06:44,41.12,-100.77,26.01,79,90,3.36
424,Okhotsk,RU,2020-12-15 18:06:44,59.38,143.3,2.16,86,100,25.12
425,Chara,RU,2020-12-15 18:06:44,56.91,118.26,-24.41,67,0,0.38
426,Colares,PT,2020-12-15 18:06:45,38.8,-9.45,60.01,76,75,12.75
427,Santa Vitória do Palmar,BR,2020-12-15 18:06:45,-33.52,-53.37,82.18,35,0,3.96
428,Mapiripán,CO,2020-12-15 18:06:45,2.89,-72.13,87.98,59,70,7.7
429,Gizo Government Station,SB,2020-12-15 18:06:45,-8.1,156.84,83.12,73,78,6.64
430,Porangatu,BR,2020-12-15 18:04:11,-13.44,-49.15,91.85,41,42,1.5
431,Buchanan,LR,2020-12-15 18:06:45,5.88,-10.05,82.4,83,75,6.93
432,Port-Cartier,CA,2020-12-15 18:06:45,50.03,-66.87,17.6,61,100,17.22
433,Terra Roxa,BR,2020-12-15 18:06:45,-23.86,-50.03,77.97,80,67,9.08
434,Port Hedland,AU,2020-12-15 18:06:45,-20.32,118.57,80.6,78,28,13.87
435,Sæby,DK,2020-12-15 18:06:46,57.33,10.52,46.0,94,100,1.01
436,Annau,TM,2020-12-15 18:06:46,37.89,58.52,26.6,92,90,9.17
437,Andenes,NO,2020-12-15 18:06:46,69.31,16.12,35.6,82,90,12.75
438,Westport,US,2020-12-15 18:06:46,41.14,-73.36,39.99,44,20,9.17
439,Kupang,ID,2020-12-15 18:06:46,-10.17,123.58,80.26,83,100,10.65
440,Kidal,ML,2020-12-15 18:06:46,18.44,1.41,80.47,18,34,10.33
441,Cabo San Lucas,MX,2020-12-15 18:06:47,22.89,-109.91,75.99,64,20,5.66
442,Shaoxing,CN,2020-12-15 18:06:47,30.01,120.57,39.2,51,0,6.71
443,Yeruham,IL,2020-12-15 18:06:47,30.99,34.93,62.01,51,28,1.99
444,Santa Cruz del Norte,CU,2020-12-15 18:06:47,23.15,-81.92,84.2,74,40,6.93
445,Vila,PT,2020-12-15 18:06:47,42.03,-8.16,48.99,89,100,14.0
446,Damietta,EG,2020-12-15 18:06:47,31.42,31.81,64.4,63,40,9.17
447,Puerto Peñasco,MX,2020-12-15 18:04:59,31.32,-113.53,61.0,28,0,3.0
448,Egvekinot,RU,2020-12-15 18:06:47,66.32,-179.17,8.69,94,93,13.29
449,Novobiryusinskiy,RU,2020-12-15 18:06:48,56.96,97.71,13.15,95,100,9.13
450,Kazachinskoye,RU,2020-12-15 18:06:49,57.7,93.28,11.89,94,100,9.82
451,Port Lincoln,AU,2020-12-15 18:06:49,-34.73,135.87,60.37,84,100,14.81
452,Mahibadhoo,MV,2020-12-15 18:06:49,3.78,72.97,81.95,73,93,8.59
453,Mount Isa,AU,2020-12-15 18:06:49,-20.73,139.5,82.4,54,75,8.05
454,Comodoro Rivadavia,AR,2020-12-15 18:06:49,-45.87,-67.5,75.2,22,75,23.04
455,Nemuro,JP,2020-12-15 18:06:49,43.32,145.57,26.42,85,81,21.77
456,Ilulissat,GL,2020-12-15 18:06:49,69.22,-51.1,24.8,58,20,27.51
457,Santa Rosa,PH,2020-12-15 18:02:43,14.31,121.11,80.6,74,20,5.82
458,Giohar,SO,2020-12-15 18:06:50,2.78,45.5,73.67,77,0,14.99
459,Kelheim,DE,2020-12-15 18:06:50,48.92,11.87,37.99,93,90,4.7
460,Birjand,IR,2020-12-15 18:06:50,32.87,59.22,30.2,63,0,6.93
461,Padang,ID,2020-12-15 18:06:50,-0.95,100.35,78.3,77,100,3.18
462,Phuket,TH,2020-12-15 18:06:50,8.0,98.25,84.99,94,20,3.36
463,Kudahuvadhoo,MV,2020-12-15 18:06:50,2.67,72.89,82.63,65,30,0.51
464,Aykhal,RU,2020-12-15 18:06:50,66.0,111.5,-16.6,75,0,4.47
465,Mpongwe,ZM,2020-12-15 18:06:50,-13.51,28.16,67.08,90,100,2.93
466,Paraíso,CR,2020-12-15 18:06:51,9.84,-83.87,82.4,48,0,10.29
467,Lufilufi,WS,2020-12-15 18:06:51,-13.87,-171.6,78.8,94,90,8.05
468,Udachny,RU,2020-12-15 18:06:51,66.42,112.4,-16.6,75,0,4.47
469,Jasper,US,2020-12-15 18:03:18,37.2,-94.35,34.0,69,1,9.17
470,Sant Feliu de Guíxols,ES,2020-12-15 18:06:51,41.78,3.03,57.0,27,41,4.99
471,Kangasala,FI,2020-12-15 18:06:51,61.46,24.08,36.0,93,90,9.17
472,Dhrāngadhra,IN,2020-12-15 18:06:52,22.98,71.47,67.8,55,0,8.55
473,Darhan,MN,2020-12-15 18:06:52,49.49,105.92,-0.11,86,0,6.08
474,Pimentel,PE,2020-12-15 18:06:52,-6.84,-79.93,77.0,65,0,10.29
475,Trairi,BR,2020-12-15 18:06:52,-3.28,-39.27,86.22,61,66,15.64
476,Mananjary,MG,2020-12-15 18:06:52,-21.22,48.33,73.81,76,40,2.17
477,Portland,US,2020-12-15 18:05:50,45.52,-122.68,46.0,87,90,11.41
478,El Dorado,US,2020-12-15 18:06:53,38.77,-120.52,48.2,39,1,3.36
479,Islamkot,PK,2020-12-15 18:06:53,24.7,70.18,63.68,27,0,12.53
480,Sabha,LY,2020-12-15 18:06:53,27.04,14.43,54.25,40,0,6.82
481,Matagami,CA,2020-12-15 18:06:53,49.75,-77.63,-11.2,76,1,12.75
482,Tipitapa,NI,2020-12-15 18:06:53,12.2,-86.1,87.8,66,75,11.41
483,Dāmghān,IR,2020-12-15 18:06:53,36.17,54.35,35.8,76,95,1.54
484,Dolinsk,RU,2020-12-15 18:06:53,47.35,142.8,17.6,61,40,13.42
485,Kismayo,SO,2020-12-15 18:06:53,-0.36,42.55,79.05,79,0,14.45
486,Namatanai,PG,2020-12-15 18:06:53,-3.67,152.43,80.26,80,33,2.28
487,Keminmaa,FI,2020-12-15 18:06:54,65.86,24.82,28.4,92,90,6.93
488,Cam Ranh,VN,2020-12-15 18:06:54,11.92,109.16,78.8,83,75,14.99
489,São Francisco,BR,2020-12-15 18:06:10,-15.95,-44.86,89.22,43,16,1.28
490,Batemans Bay,AU,2020-12-15 18:06:54,-35.72,150.18,70.0,97,87,1.01
491,Okha,RU,2020-12-15 18:06:54,53.57,142.95,15.33,94,100,26.57
492,Amapá,BR,2020-12-15 18:06:54,1.0,-52.0,92.66,42,84,4.83
493,Wanning,CN,2020-12-15 18:06:54,18.8,110.4,67.3,88,100,13.65
494,Atbasar,KZ,2020-12-15 18:06:54,51.8,68.33,4.55,93,55,6.26
495,Rocha,UY,2020-12-15 18:06:55,-34.48,-54.33,69.94,54,91,16.22
496,Bonthe,SL,2020-12-15 18:06:55,7.53,-12.51,81.75,77,67,8.1
497,Krasnosel'kup,RU,2020-12-15 18:06:55,65.7,82.47,-10.52,87,29,14.7
498,Muravlenko,RU,2020-12-15 18:06:55,63.79,74.52,-11.97,88,79,10.89
499,San Patricio,US,2020-12-15 18:06:55,28.02,-97.52,63.0,71,75,6.93
500,Sakaiminato,JP,2020-12-15 18:03:38,35.55,133.23,35.6,79,75,9.17
501,Bahir Dar,ET,2020-12-15 18:06:56,11.59,37.39,66.27,33,13,3.87
502,Hofn,IS,2020-12-15 18:06:57,64.25,-15.21,39.02,92,100,23.55
503,Āwash,ET,2020-12-15 18:06:57,8.98,40.17,72.45,24,10,3.71
504,Nālūt,LY,2020-12-15 18:06:08,30.33,10.85,56.95,36,28,6.15
505,Ayan,RU,2020-12-15 18:06:57,56.45,138.17,-7.13,90,100,23.82
506,Sulangan,PH,2020-12-15 18:06:57,11.14,123.72,81.68,79,65,13.53
507,San Policarpo,PH,2020-12-15 18:06:57,12.18,125.51,80.96,83,100,14.43
508,Lompoc,US,2020-12-15 18:06:57,34.64,-120.46,57.0,50,1,18.34
509,Enköping,SE,2020-12-15 18:06:57,59.64,17.08,45.0,93,100,9.17
510,Naze,JP,2020-12-15 18:06:57,28.37,129.48,59.0,72,75,14.99
511,Isangel,VU,2020-12-15 18:06:58,-19.55,169.27,77.59,78,51,18.54
512,Kathu,TH,2020-12-15 18:06:58,7.92,98.33,84.99,94,20,3.36
513,Tupã,BR,2020-12-15 18:06:58,-21.93,-50.51,82.4,65,40,11.41
514,Saurimo,AO,2020-12-15 18:06:58,-9.66,20.39,66.13,95,91,3.8
515,Ca Mau,VN,2020-12-15 18:06:58,9.18,105.15,75.92,90,60,5.37
516,Kenora,CA,2020-12-15 18:06:58,49.82,-94.43,1.4,84,90,8.05
517,Rehoboth,NA,2020-12-15 18:06:58,-23.32,17.08,81.55,18,14,13.71
518,General Roca,AR,2020-12-15 18:06:58,-39.03,-67.58,69.8,32,0,9.17
519,Oranienburg,DE,2020-12-15 18:06:59,52.75,13.23,44.01,76,100,1.01
520,Stavern,NO,2020-12-15 18:06:59,59.0,10.03,35.6,100,20,3.36
521,Dawei,MM,2020-12-15 18:06:59,14.08,98.2,75.25,85,88,3.58
522,Kushima,JP,2020-12-15 18:06:59,31.46,131.23,30.0,80,2,5.01
523,Parfen'yevo,RU,2020-12-15 18:06:59,58.48,43.41,19.04,97,100,3.29
524,Aloleng,PH,2020-12-15 18:06:59,16.13,119.78,78.75,75,42,5.73
525,Skibbereen,IE,2020-12-15 18:07:00,51.55,-9.27,46.4,87,75,17.22
526,Kindu,CD,2020-12-15 18:07:00,-2.95,25.95,75.78,74,78,0.81
527,Bilma,NE,2020-12-15 18:07:00,18.69,12.92,67.84,23,8,7.85
528,Waipawa,NZ,2020-12-15 18:07:00,-41.41,175.52,59.0,77,0,25.28
529,Grand Gaube,MU,2020-12-15 18:07:00,-20.01,57.66,77.0,91,6,11.99
530,Trzcianka,PL,2020-12-15 18:07:00,53.04,16.46,35.01,87,89,7.74
531,Mana,GF,2020-12-15 18:07:00,5.66,-53.78,83.07,75,48,8.61
532,Mackay,AU,2020-12-15 18:03:22,-21.15,149.2,80.6,78,75,8.05
533,Tlanchinol,MX,2020-12-15 18:07:01,20.98,-98.65,71.1,58,0,3.06
534,Pahrump,US,2020-12-15 18:02:41,36.21,-115.98,48.0,37,0,1.99
535,Kribi,CM,2020-12-15 18:07:01,2.95,9.92,80.42,83,69,6.62
536,Katherine,AU,2020-12-15 18:07:01,-14.47,132.27,78.8,83,100,3.38
537,Sairang,IN,2020-12-15 18:07:01,23.8,92.67,58.32,77,0,1.83
538,Kualakapuas,ID,2020-12-15 18:07:02,-3.01,114.39,75.2,100,75,2.24
539,Crateús,BR,2020-12-15 18:07:02,-5.18,-40.68,97.34,24,77,5.17
540,Cabedelo,BR,2020-12-15 18:07:02,-6.98,-34.83,86.0,66,75,13.87
541,Kawalu,ID,2020-12-15 18:07:02,-7.38,108.21,72.59,93,100,1.41
542,Oxford,GB,2020-12-15 18:07:02,51.75,-1.26,46.4,93,0,6.93
543,Östersund,SE,2020-12-15 18:07:02,63.18,14.64,28.0,100,0,1.12
544,Okato,NZ,2020-12-15 18:07:03,-39.2,173.88,52.0,78,75,7.0
545,Marawi,PH,2020-12-15 18:07:03,8.0,124.29,73.99,92,100,5.01
546,Cartagena,CO,2020-12-15 18:07:03,10.4,-75.51,86.0,74,20,10.29
547,San Rafael,AR,2020-12-15 18:06:07,-34.62,-68.33,77.38,18,0,7.14
548,Kabalo,CD,2020-12-15 18:07:03,-6.05,26.92,72.48,82,96,2.91
549,Tiznit Province,MA,2020-12-15 18:07:03,29.58,-9.5,61.79,72,0,3.94
550,Martin,US,2020-12-15 18:06:37,27.08,-80.42,82.0,78,75,5.82
551,Deputatsky,RU,2020-12-15 18:07:05,69.3,139.9,-32.39,85,20,1.41
552,Nome,US,2020-12-15 18:07:05,64.5,-165.41,18.0,85,90,13.87
553,Tazmalt,DZ,2020-12-15 18:07:05,36.39,4.4,60.8,77,40,1.83
554,Tsovinar,AM,2020-12-15 18:07:05,40.16,45.46,37.98,74,44,6.11
555,Sur,OM,2020-12-15 18:07:05,22.57,59.53,69.85,50,5,12.06
556,Little Current,CA,2020-12-15 18:07:05,45.98,-81.92,14.0,55,32,6.93
557,Saldanha,ZA,2020-12-15 18:07:06,-33.01,17.94,68.0,52,0,21.92
558,Tessalit,ML,2020-12-15 18:07:06,20.2,1.01,73.04,19,5,6.42
559,Niihama,JP,2020-12-15 18:07:06,33.96,133.32,39.0,50,96,5.99
560,Tsabong,BW,2020-12-15 18:07:06,-26.02,22.4,89.29,22,34,20.36
561,Taber,CA,2020-12-15 18:07:06,49.82,-112.15,33.8,69,96,14.99
562,Springdale,US,2020-12-15 18:07:06,36.19,-94.13,33.8,92,90,11.41
563,Del Rio,US,2020-12-15 18:07:06,29.36,-100.9,48.2,66,1,8.75
564,Biltine,TD,2020-12-15 18:07:07,14.53,20.92,75.16,18,11,5.79
565,San Matías,BO,2020-12-15 18:07:07,-16.37,-58.4,97.63,34,95,8.99
566,Verkhnyaya Inta,RU,2020-12-15 18:07:07,65.98,60.31,9.52,94,97,7.83
